----------------------------------------------------------------------------------------- USUARIO ------------------------------------------------------------------------------------------
insert into usuario (correo, contrasenia, nombre_usuario, nombre, paterno, rol) values ('pwharin0@nps.gov', 'SNbzVUJrUh2b', 'pwharin0', 'Pepi', 'Wharin', 1);
insert into usuario (correo, contrasenia, nombre_usuario, nombre, paterno, rol) values ('tpadginton1@foxnews.com', 'hEtuoSec5M', 'tpadginton1', 'Tedman', 'Padginton', 2);
insert into usuario (correo, contrasenia, nombre_usuario, nombre, paterno, rol) values ('a@a.edu', '1234', 'nkerry2', 'Neila', 'Kerry', 1);
insert into usuario (correo, contrasenia, nombre_usuario, nombre, paterno, rol) values ('gwallington3@webmd.com', '7XWAUxgbK', 'gwallington3', 'Gerrilee', 'Wallington', 1);
insert into usuario (correo, contrasenia, nombre_usuario, nombre, paterno, rol) values ('belwood4@ft.com', 'bYDsSxosWyOr', 'belwood4', 'Bondie', 'Elwood', 2);
insert into usuario (correo, contrasenia, nombre_usuario, nombre, paterno, rol) values ('glemmens5@sourceforge.net', '0v3Xzsf1AC', 'glemmens5', 'Godiva', 'Lemmens', 2);
insert into usuario (correo, contrasenia, nombre_usuario, nombre, paterno, rol) values ('hterlinden6@archive.org', 'qhCxKJHmTv', 'hterlinden6', 'Herman', 'Terlinden', 1);
insert into usuario (correo, contrasenia, nombre_usuario, nombre, paterno, rol) values ('stredgold7@google.ru', '4bR1Q9KL', 'stredgold7', 'Seumas', 'Tredgold', 2);
insert into usuario (correo, contrasenia, nombre_usuario, nombre, paterno, rol) values ('jhadingham8@indiatimes.com', 'k1KvnNlaQ', 'jhadingham8', 'Jacinthe', 'Hadingham', 1);
insert into usuario (correo, contrasenia, nombre_usuario, nombre, paterno, rol) values ('ored9@stanford.edu', 'sIJfl3O1U', 'ored9', 'Otto', 'Red', 2);
insert into usuario (correo, contrasenia, nombre_usuario, nombre, paterno, rol) values ('ainklea@rambler.ru', 'sZKndWVD', 'ainklea', 'Adelice', 'Inkle', 1);
insert into usuario (correo, contrasenia, nombre_usuario, nombre, paterno, rol) values ('dmephanb@businessinsider.com', 'Md3ApHVM9Etn', 'dmephanb', 'Derron', 'Mephan', 2);
insert into usuario (correo, contrasenia, nombre_usuario, nombre, paterno, rol) values ('vnowlandc@addthis.com', 'flloRzp7JrxL', 'vnowlandc', 'Vilhelmina', 'Nowland', 2);
insert into usuario (correo, contrasenia, nombre_usuario, nombre, paterno, rol) values ('pletherburyd@eepurl.com', 'n8PpiHWE', 'pletherburyd', 'Phillis', 'Letherbury', 1);
insert into usuario (correo, contrasenia, nombre_usuario, nombre, paterno, rol) values ('daizikove@engadget.com', 'vdbf2ZJIF', 'daizikove', 'Domingo', 'Aizikov', 1);
insert into usuario (correo, contrasenia, nombre_usuario, nombre, paterno, rol) values ('luna@gmail.com', '123', 'luna97', 'Luna', 'Felipe', 2);
insert into usuario (correo, contrasenia, nombre_usuario, nombre, paterno, rol) values ('ailyn@gmail.com', 'ailyn12051998', 'ailynrp12', 'Ailyn', 'Rebollar', 1);
insert into usuario (correo, contrasenia, nombre_usuario, nombre, paterno, rol) values ('fernando@vexi.mx', '16011601', 'fernando1601', 'Fernando', 'Bernal', 1);
insert into usuario (correo, contrasenia, nombre_usuario, nombre, paterno, rol) values ('fluna@gmail.com', 'aluna798', 'Aluna23', 'Felipe', 'Luna', 1);


--------------------- CAT COLOR ------------------------
insert into cat_color (descripcion) values ('#69dc00');
insert into cat_color (descripcion) values ('#d603db');
insert into cat_color (descripcion) values ('#48b63b');
insert into cat_color (descripcion) values ('#2cac22');
insert into cat_color (descripcion) values ('#1c451e');
insert into cat_color (descripcion) values ('#f18592');
insert into cat_color (descripcion) values ('#0a7719');
insert into cat_color (descripcion) values ('#cfda3c');
insert into cat_color (descripcion) values ('#92c188');
insert into cat_color (descripcion) values ('#ce0535');
insert into cat_color (descripcion) values ('#f72bb6');
insert into cat_color (descripcion) values ('#d4eb2c');
insert into cat_color (descripcion) values ('#7c1529');
insert into cat_color (descripcion) values ('#6cf45f');
insert into cat_color (descripcion) values ('#fa36bc');
insert into cat_color (descripcion) values ('#4E5FCE');

------------------------------------------------------- TEMA -----------------------------------------------------------

insert into tema (correo,nombre_tema,id_color) values('ailyn@gmail.com', 'Villas Navideñas', 1);
insert into tema (correo,nombre_tema,id_color) values('luna@gmail.com', 'Parques', 2);
insert into tema (correo,nombre_tema,id_color) values('fernando@vexi.mx', 'Pueblos mágicos', 3);
insert into tema (correo,nombre_tema,id_color) values('fluna@gmail.com', 'Playas mexicanas', 4);


insert into tema (correo,nombre_tema,id_color) values('ailyn@gmail.com', 'Tiendas', 5);
insert into tema (correo,nombre_tema,id_color) values('ailyn@gmail.com', 'Restaurantes', 6);
insert into tema (correo,nombre_tema,id_color) values('ailyn@gmail.com', 'Plazas', 7);
insert into tema (correo,nombre_tema,id_color) values('ailyn@gmail.com', 'Antros', 8);
insert into tema (correo,nombre_tema,id_color) values('ailyn@gmail.com', 'Centros', 9);

insert into tema (correo,nombre_tema,id_color) values('fluna@gmail.com', 'Lagunas', 10);
insert into tema (correo,nombre_tema,id_color) values('fluna@gmail.com', 'Observatorio', 11);
insert into tema (correo,nombre_tema,id_color) values('fluna@gmail.com', 'Selvas', 12);
insert into tema (correo,nombre_tema,id_color) values('fluna@gmail.com', 'Carpinterias', 13);
insert into tema (correo,nombre_tema,id_color) values('fluna@gmail.com', 'Cocinas', 15);

insert into tema (correo,nombre_tema,id_color) values('fernando@vexi.mx', 'Evento cultural', 16);
insert into tema (correo,nombre_tema,id_color) values('fernando@vexi.mx', 'Hotel', 17);
insert into tema (correo,nombre_tema,id_color) values('fernando@vexi.mx', 'Casa Cultural', 18);
insert into tema (correo,nombre_tema,id_color) values('fernando@vexi.mx', 'Fabricas', 19);
insert into tema (correo,nombre_tema,id_color) values('fernando@vexi.mx', 'Universidades', 20);


------------------------------------------------------------- MARCADOR -----------------------------------------------------------------------

insert into marcador (id_tema,id_color,latitud,longitud,descripcion) values (1,2,23.382390,-102.291477,'Villa iluminada de Atlixco, Puebla');
insert into marcador (id_tema,id_color,latitud,longitud,descripcion) values (1,2,20.672087,-103.414486,'La Luz de la Navidad, Zapopan');
insert into marcador (id_tema,id_color,latitud,longitud,descripcion) values (1,2,32.545175,-115.345638,'Villa Navideña, Mexicali');
insert into marcador (id_tema,id_color,latitud,longitud,descripcion) values (1,2,19.267831,-90.252865,'Gran Feria Navideña Sobre Hielo, Campeche');
insert into marcador (id_tema,id_color,latitud,longitud,descripcion) values (2,3,19.357115,-99.270035,'Parque a la mexicana, CDMX');
insert into marcador (id_tema,id_color,latitud,longitud,descripcion) values (2,3,19.468877,-99.197005,'Parque bicentenario, CDMX');
insert into marcador (id_tema,id_color,latitud,longitud,descripcion) values (2,3,19.352431,-99.142202,'Parque masayoshi ohira, CDMX');


--------------------------- MARCADOR (Fernando) -----------------------------------------------------------------------
insert into marcador (id_tema,id_color,latitud,longitud,descripcion) values (3,3,16.918273, -96.361418,'Mitla, OAXACA');
insert into marcador (id_tema,id_color,latitud,longitud,descripcion) values (3,3,19.811388, -97.511312,'Tlatlauquitepec, PUEBLA');
insert into marcador (id_tema,id_color,latitud,longitud,descripcion) values (3,3,18.674851, -88.393988,'Bacalar, Quintana Roo');
insert into marcador (id_tema,id_color,latitud,longitud,descripcion) values (3,3,19.5124692,-101.6112934,'Pátzcuaro, Michoacan');
insert into marcador (id_tema,id_color,latitud,longitud,descripcion) values (3,3,21.1571086,-100.9463213,'Dolores Hidalgo, Guanajato');
insert into marcador (id_tema,id_color,latitud,longitud,descripcion) values (3,3,18.987323,-99.1101053,'Tepoztlán, Morelos.');
insert into marcador (id_tema,id_color,latitud,longitud,descripcion) values (3,3,20.2038618,-98.5847642,'Huasca de Ocampo, Hidalgo');
insert into marcador (id_tema,id_color,latitud,longitud,descripcion) values (3,3,20.7385123,-99.9481284,'Bernal, Querétaro.');


--------------------------- MARCADOR (Felipe) -----------------------------------------------------------------------
insert into marcador (id_tema,id_color,latitud,longitud,descripcion) values (4,4,20.6539376,-87.1419091,'Del Carmen');
insert into marcador (id_tema,id_color,latitud,longitud,descripcion) values (4,4,21.1213284,-86.919446,'Cancún');
insert into marcador (id_tema,id_color,latitud,longitud,descripcion) values (4,4,20.6408575,-105.2947369,'Puerto Vallarta');
insert into marcador (id_tema,id_color,latitud,longitud,descripcion) values (4,4,20.2096191,-87.4894285,'Tulum');
insert into marcador (id_tema,id_color,latitud,longitud,descripcion) values (4,4,19.8305579,-90.6150296,'San Felipe');
insert into marcador (id_tema,id_color,latitud,longitud,descripcion) values (4,4,18.6504452,-91.8335075,'Del C');
insert into marcador (id_tema,id_color,latitud,longitud,descripcion) values (4,4,18.1342154,-94.4980524,'Coatzacoalcos');
insert into marcador (id_tema,id_color,latitud,longitud,descripcion) values (4,4,18.2465024,-94.6472769,'Playa linda');



--------------------------------- MARCADOR(2 iteracion (16-20))------------------------------------

insert into marcador (id_tema,id_color,latitud,longitud,descripcion) values (16,16,20.128943,-100.590984,'Festival primavera');
insert into marcador (id_tema,id_color,latitud,longitud,descripcion) values (16,16,20.1388152,-100.5834298,'Danza viejitos');
insert into marcador (id_tema,id_color,latitud,longitud,descripcion) values (16,16,20.1497122,-100.5599499,'Danza silla');
insert into marcador (id_tema,id_color,latitud,longitud,descripcion) values (16,16,20.2288781,-100.5754903,'Carnaval');
insert into marcador (id_tema,id_color,latitud,longitud,descripcion) values (16,16,20.2342031,-100.5630649,'Danza silla 2');
insert into marcador (id_tema,id_color,latitud,longitud,descripcion) values (16,16,20.4077361,-100.670144,'Danza cerro');
insert into marcador (id_tema,id_color,latitud,longitud,descripcion) values (16,16,20.5595332,-101.1366728,'Festival meyo');
insert into marcador (id_tema,id_color,latitud,longitud,descripcion) values (16,16,20.760044,-101.1578913,'Festival abril');
insert into marcador (id_tema,id_color,latitud,longitud,descripcion) values (16,16,20.9155546,-101.5127389,'Carnaval inter');
insert into marcador (id_tema,id_color,latitud,longitud,descripcion) values (16,16,20.9667267,-101.6764217,'Festival junio');

insert into marcador (id_tema,id_color,latitud,longitud,descripcion) values (17,17,23.0949543,-100.9561556,'Hospedaje Tla');
insert into marcador (id_tema,id_color,latitud,longitud,descripcion) values (17,17,22.756183,-99.9928392,'Hospedaje Inn');
insert into marcador (id_tema,id_color,latitud,longitud,descripcion) values (17,17,23.0949543,-100.9561556,'Terminal 1');
insert into marcador (id_tema,id_color,latitud,longitud,descripcion) values (17,17,23.3753384,-103.2630529,'Hospedaje Inn junnior');
insert into marcador (id_tema,id_color,latitud,longitud,descripcion) values (17,17,23.4757514,-103.7147242,'5 estrellas');
insert into marcador (id_tema,id_color,latitud,longitud,descripcion) values (17,17,23.5299775,-103.8960595,'Costa');
insert into marcador (id_tema,id_color,latitud,longitud,descripcion) values (17,17,23.7342538,-104.0360184,'Aeropuerto 2');
insert into marcador (id_tema,id_color,latitud,longitud,descripcion) values (17,17,23.8492528,-104.5505233,'Costa Azul');
insert into marcador (id_tema,id_color,latitud,longitud,descripcion) values (17,17,24.139074,-105.0965512,'Familiar 1');
insert into marcador (id_tema,id_color,latitud,longitud,descripcion) values (17,17,24.3118247,-105.5070087,'Aeropuerto 1');

insert into marcador (id_tema,id_color,latitud,longitud,descripcion) values (18,18,17.9320585,-94.965888,'Valle 1');
insert into marcador (id_tema,id_color,latitud,longitud,descripcion) values (18,18,17.823382,-95.0782531,'Laguna verde 2');
insert into marcador (id_tema,id_color,latitud,longitud,descripcion) values (18,18,17.8209613,-95.0699382,'Valle 2');
insert into marcador (id_tema,id_color,latitud,longitud,descripcion) values (18,18,17.7739131,-94.8661479,'Amatohtli');
insert into marcador (id_tema,id_color,latitud,longitud,descripcion) values (18,18,17.9130446,-96.4157342,'Fondo de cultura');
insert into marcador (id_tema,id_color,latitud,longitud,descripcion) values (18,18,17.8304886,-95.091663,'Ninos ');
insert into marcador (id_tema,id_color,latitud,longitud,descripcion) values (18,18,18.0462835,-95.5470643,'Fondo de cultura regional');
insert into marcador (id_tema,id_color,latitud,longitud,descripcion) values (18,18,18.0482421,-96.1005037,'Laguna verde');
insert into marcador (id_tema,id_color,latitud,longitud,descripcion) values (18,18,17.867957,-96.2564322,'Santa 2');

insert into marcador (id_tema,id_color,latitud,longitud,descripcion) values (19,19,27.2867173,-102.9346474,'Ford');
insert into marcador (id_tema,id_color,latitud,longitud,descripcion) values (19,19,27.3617784,-103.2809094,'Christer');
insert into marcador (id_tema,id_color,latitud,longitud,descripcion) values (19,19,27.1746469,-103.2178895,'Pepsi');
insert into marcador (id_tema,id_color,latitud,longitud,descripcion) values (19,19,27.0630812,-103.4332628,'Coca');
insert into marcador (id_tema,id_color,latitud,longitud,descripcion) values (19,19,26.9995442,-103.5738437,'Sabritas');
insert into marcador (id_tema,id_color,latitud,longitud,descripcion) values (19,19,22.1880093,-100.8980015,'Duracell');
insert into marcador (id_tema,id_color,latitud,longitud,descripcion) values (19,19,22.1749265,-100.9708837,'Panasonic');
insert into marcador (id_tema,id_color,latitud,longitud,descripcion) values (19,19,22.1926244,-101.0525729,'Duramas');
insert into marcador (id_tema,id_color,latitud,longitud,descripcion) values (19,19,22.2843575,-101.0464532,'Galletas');
insert into marcador (id_tema,id_color,latitud,longitud,descripcion) values (19,19,22.3022125,-101.1038285,'Pepsi 2');

insert into marcador (id_tema,id_color,latitud,longitud,descripcion) values (20,20,20.5120708,-99.7886306,'Unam');
insert into marcador (id_tema,id_color,latitud,longitud,descripcion) values (20,20,20.5736562,-99.7645163,'UAM 2');
insert into marcador (id_tema,id_color,latitud,longitud,descripcion) values (20,20,20.5929897,-100.1789323,'Unam 2');
insert into marcador (id_tema,id_color,latitud,longitud,descripcion) values (20,20,20.528535,-100.4005965,'UAM');
insert into marcador (id_tema,id_color,latitud,longitud,descripcion) values (20,20,20.4640532,-100.5114284,'iZTA');
insert into marcador (id_tema,id_color,latitud,longitud,descripcion) values (20,20,20.4550236,-100.736534,'Poli');
insert into marcador (id_tema,id_color,latitud,longitud,descripcion) values (20,20,20.4823191,-101.1708914,'Tec');
insert into marcador (id_tema,id_color,latitud,longitud,descripcion) values (20,20,20.4320106,-101.402881,'Poli 2');
insert into marcador (id_tema,id_color,latitud,longitud,descripcion) values (20,20,20.5614846,-101.5616148,'Tec');
insert into marcador (id_tema,id_color,latitud,longitud,descripcion) values (20,20,20.7798289,-101.4081014,'Tec nacional');




------------------ CALIFICACION -------------------------
insert into calificacion (puntaje,correo) values (1,'pwharin0@nps.gov');
insert into calificacion (puntaje,correo) values (2,'tpadginton1@foxnews.com');
insert into calificacion (puntaje,correo) values (3,'nkerry2@princeton.edu');
insert into calificacion (puntaje,correo) values (4,'gwallington3@webmd.com');
insert into calificacion (puntaje,correo) values (5,'belwood4@ft.com');
insert into calificacion (puntaje,correo) values (1,'glemmens5@sourceforge.net');
insert into calificacion (puntaje,correo) values (2,'hterlinden6@archive.org');
insert into calificacion (puntaje,correo) values (3,'stredgold7@google.ru');
insert into calificacion (puntaje,correo) values (4,'jhadingham8@indiatimes.com');
insert into calificacion (puntaje,correo) values (5,'ored9@stanford.edu');
insert into calificacion (puntaje,correo) values (1,'ainklea@rambler.ru');
insert into calificacion (puntaje,correo) values (2,'dmephanb@businessinsider.com');
insert into calificacion (puntaje,correo) values (3,'vnowlandc@addthis.com');
insert into calificacion (puntaje,correo) values (4,'pletherburyd@eepurl.com');
insert into calificacion (puntaje,correo) values (5,'daizikove@engadget.com');

---------------------------------------------------------- COMENTARIO --------------------------------------------------------------------------
insert into comentario(id_marcador,correo,descripcion,id_calificacion,num_calificaciones) values (1,'pwharin0@nps.gov','comentario_1',1,1234);
insert into comentario(id_marcador,correo,descripcion,id_calificacion,num_calificaciones) values (2,'tpadginton1@foxnews.com','comentario_2',2,1232);
insert into comentario(id_marcador,correo,descripcion,id_calificacion,num_calificaciones) values (3,'nkerry2@princeton.edu','comentario_3',3,3494);
insert into comentario(id_marcador,correo,descripcion,id_calificacion,num_calificaciones) values (4,'gwallington3@webmd.com','comentario_4',4,8498);
insert into comentario(id_marcador,correo,descripcion,id_calificacion,num_calificaciones) values (5,'belwood4@ft.com','comentario_5',5,405);
insert into comentario(id_marcador,correo,descripcion,id_calificacion,num_calificaciones) values (6,'glemmens5@sourceforge.net','comentario_6',6,8475);
insert into comentario(id_marcador,correo,descripcion,id_calificacion,num_calificaciones) values (7,'hterlinden6@archive.org','comentario_7',7,9586);
insert into comentario(id_marcador,correo,descripcion,id_calificacion,num_calificaciones) values (1,'stredgold7@google.ru','comentario_8',8,9596);
insert into comentario(id_marcador,correo,descripcion,id_calificacion,num_calificaciones) values (1,'jhadingham8@indiatimes.com','comentario_9',9,94575);
insert into comentario(id_marcador,correo,descripcion,id_calificacion,num_calificaciones) values (2,'ored9@stanford.edu','comentario_10',10,948);
insert into comentario(id_marcador,correo,descripcion,id_calificacion,num_calificaciones) values (3,'ainklea@rambler.ru','comentario_11',11,945);
insert into comentario(id_marcador,correo,descripcion,id_calificacion,num_calificaciones) values (4,'dmephanb@businessinsider.com','comentario_12',12,95);
insert into comentario(id_marcador,correo,descripcion,id_calificacion,num_calificaciones) values (5,'vnowlandc@addthis.com','comentario_13',13,73);
insert into comentario(id_marcador,correo,descripcion,id_calificacion,num_calificaciones) values (6,'pletherburyd@eepurl.com','comentario_14',14,948);
insert into comentario(id_marcador,correo,descripcion,id_calificacion,num_calificaciones) values (7,'daizikove@engadget.com','comentario_15',15,958);
